Metropolitan Statistical Area (MSA),"Albuquerque, NM MSA","Phoenix-Mesa-Scottsdale, AZ MSA","Hartford-West Hartford-East Hartford, CT MSA","San Jose-Sunnyvale-Santa Clara, CA MSA","Milwaukee-Waukesha-West Allis, WI MSA","Jacksonville, FL MSA","Columbus, OH MSA","Austin-Round Rock, TX MSA","Salt Lake City, UT MSA","Rochester, NY MSA","Tucson, AZ MSA","Tulsa, OK MSA","Richmond, VA MSA","Pittsburgh, PA MSA","Dallas-Fort Worth-Arlington, TX MSA","Tampa-St. Petersburg-Clearwater, FL MSA","Oklahoma City, OK MSA","Seattle-Tacoma-Bellevue, WA MSA","Raleigh, NC MSA","Riverside-San Bernardino-Ontario, CA MSA","Los Angeles-Long Beach-Anaheim, CA MSA","Sacramento-Roseville-Arden-Arcade, CA MSA","San Diego-Carlsbad, CA MSA","San Francisco-Oakland-Hayward, CA MSA","Denver-Aurora-Lakewood, CO MSA","Washington-Arlington-Alexandria, DC-VA-MD-WV MSA","Miami-Fort Lauderdale-West Palm Beach, FL MSA","Orlando-Kissimmee-Sanford, FL MSA","Atlanta-Sandy Springs-Roswell, GA MSA","Chicago-Naperville-Elgin, IL-IN-WI MSA","Indianapolis-Carmel-Anderson, IN MSA","Louisville-Jefferson County, KY-IN MSA","New Orleans-Metairie, LA MSA","Baltimore-Columbia-Towson, MD MSA","Worcester, MA-CT MSA","Boston-Cambridge-Newton, MA-NH MSA","Detroit-Warren-Dearborn, MI MSA","Minneapolis-St. Paul-Bloomington, MN-WI MSA","St. Louis, MO-IL MSA","Kansas City, MO-KS MSA","Omaha-Council Bluffs, NE-IA MSA","Las Vegas-Henderson-Paradise, NV MSA","Albany-Schenectady-Troy, NY MSA","Buffalo-Cheektowaga-Niagara Falls, NY MSA","New York-Newark-Jersey City, NY-NJ-PA MSA","Charlotte-Concord-Gastonia, NC-SC MSA","Cleveland-Elyria, OH MSA","Cincinnati, OH-KY-IN MSA","Portland-Vancouver-Hillsboro, OR-WA MSA","Philadelphia-Camden-Wilmington, PA-NJ-DE-MD MSA","Providence-Warwick, RI-MA MSA","Nashville-Davidson-Murfreesboro-Franklin, TN MSA","Houston-The Woodlands-Sugar Land, TX MSA","San Antonio-New Braunfels, TX MSA","Virginia Beach-Norfolk-Newport News, VA-NC MSA"
,62,12,43,36,32,50,29,40,54,45,56,52,49,19,5,18,38,14,63,16,2,28,22,11,21,7,8,46,13,3,33,42,37,20,53,9,6,15,17,25,47,31,51,41,1,27,23,24,26,4,34,39,10,30,35
2017-1,"368,854","1,953,734","608,347","1,061,461","809,039","642,944","994,960","959,999","686,379","496,308","363,098","416,631","620,530","1,080,006","3,382,367","1,250,484","582,815","1,899,790","585,385","1,412,550","5,861,010","940,612","1,407,809","2,317,099","1,406,426","3,062,621","2,508,412","1,178,363","2,510,843","4,381,009","972,826","624,578","537,192","1,295,833","378,265","2,587,131","1,864,368","1,859,953","1,288,979","1,007,454","465,529","945,761","434,984","528,480","9,018,288","1,133,309","984,949","1,012,957","1,125,466","2,706,885","674,943","906,422","2,847,283","982,313","722,283"
2017-2,"370,059","1,970,832","608,103","1,068,756","810,987","647,698","996,404","968,552","689,091","499,095","365,703","418,602","625,047","1,081,727","3,401,735","1,257,160","587,445","1,905,920","590,244","1,413,052","5,918,430","945,732","1,416,946","2,335,481","1,412,268","3,075,493","2,520,794","1,186,613","2,524,258","4,390,736","975,546","625,041","542,442","1,298,638","377,632","2,581,515","1,865,335","1,860,438","1,300,151","1,013,570","467,556","946,738","438,414","531,532","9,058,906","1,139,579","986,817","1,016,688","1,139,516","2,709,457","674,711","914,355","2,870,900","987,612","728,759"
2017-3,"371,003","1,979,587","610,093","1,074,830","816,712","650,104","999,385","973,942","691,875","498,014","365,525","421,793","627,625","1,087,967","3,413,319","1,261,374","591,647","1,917,870","593,283","1,425,659","5,916,449","953,824","1,419,915","2,349,662","1,420,814","3,089,864","2,531,056","1,191,078","2,539,935","4,425,281","985,011","629,693","540,515","1,306,125","380,416","2,597,275","1,872,245","1,866,970","1,304,503","1,019,791","470,372","957,412","439,396","532,429","9,109,097","1,148,777","991,288","1,023,176","1,148,261","2,723,709","677,472","919,457","2,886,851","992,475","733,660"
2017-4,"374,021","1,988,905","615,766","1,079,204","820,799","654,266","1,011,095","978,866","694,318","506,513","365,177","423,827","631,774","1,103,586","3,426,955","1,262,095","597,385","1,925,233","594,905","1,434,098","5,941,673","960,949","1,429,287","2,359,679","1,431,159","3,110,013","2,530,515","1,194,746","2,549,723","4,460,742","994,539","634,065","544,892","1,319,229","383,587","2,627,331","1,888,622","1,886,508","1,321,215","1,029,868","474,247","954,823","445,382","535,709","9,171,889","1,152,818","1,004,601","1,034,466","1,156,490","2,752,003","689,520","926,744","2,892,081","994,874","742,536"
2017-5,"375,086","1,984,125","622,676","1,085,293","827,966","657,987","1,022,124","984,588","698,065","510,576","364,957","425,678","636,209","1,114,969","3,443,553","1,260,185","598,266","1,941,077","601,736","1,440,187","5,982,538","968,235","1,433,801","2,370,942","1,441,996","3,131,186","2,532,893","1,197,072","2,561,364","4,510,272","1,003,940","638,799","548,350","1,330,024","387,854","2,649,466","1,913,230","1,907,552","1,328,855","1,034,460","477,804","962,531","447,492","543,196","9,272,655","1,162,587","1,016,528","1,043,273","1,164,071","2,772,998","699,081","930,152","2,907,164","998,646","746,722"
2017-6,"373,751","1,953,660","626,863","1,095,270","836,949","651,729","1,025,730","989,505","702,089","515,301","359,210","427,024","641,049","1,122,497","3,465,088","1,240,558","599,919","1,961,670","608,663","1,443,934","5,981,985","974,778","1,442,947","2,388,338","1,461,165","3,155,144","2,497,351","1,180,223","2,570,663","4,557,847","1,006,404","641,478","543,546","1,338,254","390,523","2,682,490","1,930,771","1,918,154","1,329,288","1,040,250","479,537","965,239","452,995","547,995","9,370,331","1,164,519","1,024,475","1,048,905","1,174,481","2,786,034","708,234","936,555","2,916,728","1,002,128","755,100"
2017-7,"370,343","1,916,290","609,438","1,088,178","822,223","641,750","1,022,831","981,111","697,027","493,746","348,586","416,815","635,291","1,110,511","3,442,390","1,221,203","588,577","1,960,102","608,395","1,432,957","5,944,637","966,504","1,424,591","2,360,504","1,456,800","3,112,999","2,473,788","1,173,589","2,559,588","4,488,107","993,684","624,116","536,263","1,321,216","381,454","2,648,332","1,903,198","1,892,908","1,302,445","1,025,388","473,976","963,452","436,997","528,574","9,123,211","1,147,042","1,018,198","1,036,397","1,156,710","2,736,399","693,423","920,523","2,893,114","996,044","746,675"
2017-8,"375,462","1,980,100","609,457","1,095,572","826,534","659,584","1,026,975","983,560","701,257","493,442","361,691","420,501","635,668","1,110,072","3,459,818","1,250,652","594,569","1,957,458","611,225","1,432,112","5,948,461","971,753","1,432,173","2,374,641","1,458,342","3,093,237","2,499,888","1,193,822","2,579,259","4,511,149","1,007,289","640,135","538,577","1,316,373","381,849","2,639,567","1,911,140","1,898,528","1,320,367","1,031,925","475,337","965,346","438,432","528,988","9,089,279","1,163,263","1,018,543","1,046,303","1,155,313","2,735,041","694,098","938,049","2,900,951","998,866","743,087"
2017-9,"375,975","1,999,613","620,253","1,096,003","829,739","651,090","1,021,491","987,321","704,881","512,581","365,413","427,415","635,304","1,115,489","3,467,922","1,237,786","605,250","1,956,229","605,182","1,445,770","5,995,804","973,297","1,441,524","2,383,307","1,455,014","3,118,695","2,448,166","1,181,414","2,574,161","4,520,809","1,005,520","642,291","539,407","1,330,248","389,124","2,656,998","1,909,437","1,912,990","1,327,377","1,038,902","474,380","970,148","447,393","546,022","9,261,226","1,166,495","1,010,634","1,042,498","1,168,764","2,771,386","702,381","942,340","2,888,258","1,003,271","743,587"
2017-10,"376,905","2,024,600","621,172","1,101,994","832,455","666,093","1,032,463","998,894","709,746","517,906","367,654","428,953","638,562","1,118,671","3,494,506","1,267,804","606,229","1,952,343","610,642","1,463,711","6,046,338","980,525","1,451,385","2,397,506","1,459,774","3,137,548","2,523,691","1,214,042","2,597,168","4,534,532","1,006,846","642,829","544,147","1,336,467","390,680","2,667,802","1,912,462","1,918,423","1,330,913","1,043,752","478,147","977,317","453,348","549,872","9,345,756","1,175,217","1,017,294","1,046,718","1,173,792","2,790,683","703,428","946,490","2,923,345","1,004,249","745,545"
2017-11,"377,709","2,048,965","624,587","1,106,666","833,755","673,976","1,040,229","1,003,912","715,279","514,585","370,603","431,319","642,164","1,119,744","3,524,415","1,285,005","609,671","1,962,027","614,733","1,487,608","6,084,078","982,772","1,460,012","2,408,729","1,466,973","3,150,467","2,558,341","1,228,142","2,618,330","4,549,695","1,013,996","648,834","547,871","1,343,401","391,909","2,675,113","1,923,030","1,919,024","1,334,037","1,046,868","480,344","982,597","453,545","550,954","9,411,398","1,180,168","1,016,623","1,050,592","1,177,814","2,806,588","703,778","955,680","2,943,334","1,009,297","747,598"
2017-12,"377,304","2,054,895","624,383","1,107,846","837,373","675,312","1,036,449","1,005,342","717,670","513,086","372,474","433,190","643,222","1,118,264","3,526,930","1,289,194","610,665","1,970,586","615,647","1,486,597","6,091,838","980,643","1,460,901","2,408,897","1,469,782","3,147,392","2,576,045","1,233,821","2,619,349","4,544,593","1,015,796","648,952","547,577","1,341,884","392,736","2,677,198","1,916,334","1,914,510","1,333,493","1,047,195","479,805","982,561","451,482","549,310","9,435,856","1,181,999","1,014,069","1,053,468","1,179,348","2,808,945","702,862","954,383","2,949,308","1,011,340","750,703"
2018-1,"373,231","2,020,463","610,276","1,087,875","819,648","664,365","1,009,633","992,745","699,793","500,105","365,690","423,999","626,718","1,093,680","3,457,161","1,270,974","598,551","1,948,844","605,725","1,467,566","5,993,289","971,335","1,437,938","2,364,239","1,446,556","3,093,724","2,542,577","1,215,778","2,570,590","4,413,513","988,953","630,003","538,684","1,310,606","381,665","2,620,680","1,879,173","1,894,394","1,302,296","1,020,158","467,012","971,300","437,767","531,829","9,173,488","1,158,823","991,890","1,026,442","1,162,407","2,733,138","679,958","935,807","2,893,419","992,734","733,538"
2018-2,"374,307","2,041,485","610,208","1,097,136","821,932","668,525","1,012,352","1,002,948","705,200","503,229","368,501","426,180","631,161","1,095,579","3,480,020","1,281,921","602,849","1,954,119","609,847","1,470,977","6,051,849","977,775","1,448,975","2,384,695","1,450,918","3,110,106","2,560,991","1,226,712","2,584,162","4,424,482","990,119","631,982","539,745","1,315,376","382,561","2,627,860","1,881,712","1,893,672","1,310,340","1,025,698","468,559","976,349","442,310","534,193","9,234,629","1,166,521","995,387","1,029,488","1,168,270","2,741,421","683,261","944,199","2,928,609","1,002,111","739,069"
2018-3,"375,027","2,048,682","612,311","1,100,408","825,262","671,763","1,014,089","1,008,186","707,049","504,379","368,865","430,078","632,909","1,102,353","3,491,919","1,286,711","605,991","1,964,395","612,994","1,476,267","6,039,950","979,359","1,451,927","2,393,209","1,460,320","3,117,434","2,569,288","1,233,987","2,601,481","4,466,958","999,668","635,941","542,843","1,324,563","384,570","2,637,153","1,892,999","1,890,223","1,317,640","1,029,170","471,318","983,656","442,927","536,506","9,285,935","1,175,044","999,936","1,036,205","1,174,951","2,753,176","685,300","949,292","2,944,201","1,008,398","745,979"
2018-4,"378,590","2,048,559","616,817","1,106,170","828,354","671,525","1,023,424","1,012,913","711,082","508,785","369,050","428,654","636,355","1,113,117","3,502,551","1,285,748","609,938","1,970,255","616,425","1,481,800","6,044,075","988,139","1,460,578","2,401,655","1,472,058","3,140,444","2,564,069","1,236,158","2,605,026","4,483,629","1,002,801","640,249","546,878","1,335,169","387,908","2,663,115","1,903,916","1,904,424","1,331,233","1,041,189","476,518","985,460","447,805","539,537","9,354,729","1,179,954","1,010,838","1,046,779","1,178,162","2,779,312","696,322","953,851","2,946,763","1,013,832","751,436"
2018-5,"380,024","2,046,414","624,913","1,113,475","834,496","674,223","1,035,758","1,019,377","714,580","515,428","368,783","431,220","639,762","1,126,614","3,525,121","1,283,984","613,106","1,987,181","623,103","1,486,671","6,057,309","994,916","1,464,435","2,412,343","1,481,130","3,160,046","2,563,176","1,237,262","2,618,502","4,536,532","1,015,024","644,130","547,903","1,345,539","392,548","2,688,632","1,928,606","1,937,692","1,338,825","1,047,780","482,415","993,210","452,302","548,019","9,439,117","1,188,685","1,023,776","1,057,260","1,185,306","2,798,621","706,601","958,398","2,963,591","1,017,037","757,119"
2018-6,"377,790","2,013,983","631,027","1,121,732","844,771","667,793","1,039,757","1,026,568","720,014","519,398","364,409","433,750","645,585","1,132,244","3,546,302","1,263,825","613,242","2,007,060","630,005","1,490,190","6,070,360","1,001,474","1,471,811","2,430,954","1,500,277","3,182,970","2,527,580","1,219,150","2,624,908","4,589,372","1,017,565","647,968","544,066","1,353,203","394,078","2,719,438","1,944,036","1,946,305","1,339,361","1,054,777","483,046","994,937","458,204","551,442","9,547,926","1,190,452","1,031,930","1,064,468","1,194,788","2,817,375","714,726","965,910","2,973,872","1,020,645","765,742"
2018-7,"375,426","1,987,551","614,418","1,112,400","827,884","655,777","1,038,049","1,017,444","717,162","498,162","353,545","423,759","640,895","1,123,124","3,526,844","1,245,977","602,174","2,009,736","623,840","1,478,818","6,010,288","995,514","1,458,131","2,405,345","1,495,908","3,151,536","2,510,712","1,215,884","2,618,671","4,530,469","1,007,452","628,314","538,075","1,346,007","384,044","2,681,133","1,924,167","1,923,840","1,312,614","1,039,433","477,153","993,131","440,291","532,174","9,299,446","1,176,682","1,027,685","1,052,660","1,179,841","2,765,640","699,517","947,863","2,958,414","1,015,615","756,696"
2018-8,"380,282","2,052,758","617,165","1,120,963","834,652","675,961","1,042,467","1,022,630","720,672","498,725","366,436","427,753","641,515","1,120,550","3,544,943","1,279,813","609,730","2,011,499","629,546","1,476,277","6,046,147","1,003,046","1,461,622","2,421,818","1,497,873","3,146,338","2,544,510","1,238,439","2,638,294","4,537,883","1,023,126","646,095","542,652","1,340,541","384,552","2,669,152","1,932,448","1,928,349","1,330,165","1,045,287","478,343","1,001,910","441,393","534,375","9,246,063","1,191,546","1,029,418","1,062,112","1,179,378","2,763,282","698,851","970,491","2,971,817","1,021,075","755,523"
2018-9,"379,610","2,067,121","624,900","1,121,174","835,592","675,771","1,036,925","1,024,247","723,451","518,231","369,939","432,207","637,145","1,123,836","3,544,328","1,285,736","619,266","2,004,623","617,361","1,488,958","6,077,106","1,002,426","1,466,234","2,426,071","1,489,423","3,149,953","2,554,362","1,241,013","2,631,501","4,554,045","1,017,996","645,184","542,817","1,343,956","391,595","2,686,871","1,923,096","1,937,482","1,332,057","1,047,502","477,701","1,002,695","449,516","549,365","9,404,449","1,191,211","1,018,814","1,059,519","1,192,174","2,799,081","707,142","975,026","2,971,798","1,020,042","746,007"
2018-10,"381,224","2,092,789","627,323","1,129,440","837,286","678,868","1,046,592","1,036,246","727,694","522,544","371,877","437,125","644,061","1,128,601","3,572,501","1,296,223","620,799","2,005,673","627,991","1,509,061","6,130,291","1,007,420","1,476,705","2,440,762","1,495,274","3,167,055","2,582,747","1,254,876","2,646,665","4,563,043","1,020,358","646,277","550,349","1,346,094","393,377","2,704,931","1,939,506","1,944,719","1,340,007","1,052,586","481,152","1,012,878","455,372","553,154","9,519,245","1,205,544","1,026,664","1,062,447","1,198,323","2,822,800","707,656","976,473","2,999,285","1,023,734","754,977"
2018-11,"382,536","2,121,845","629,783","1,134,758","840,761","688,684","1,051,689","1,042,894","733,369","519,340","376,072","440,250","650,830","1,130,513","3,599,736","1,311,044","622,876","2,017,063","631,253","1,529,307","6,182,310","1,011,765","1,485,470","2,451,717","1,500,130","3,179,167","2,613,584","1,266,770","2,666,396","4,583,908","1,027,427","652,961","552,672","1,353,648","394,921","2,709,828","1,946,531","1,946,674","1,341,777","1,054,660","484,313","1,019,358","455,293","550,557","9,593,998","1,210,549","1,027,869","1,068,414","1,204,321","2,837,542","708,031","987,572","3,017,596","1,030,049","757,769"
2018-12,"382,377","2,124,998","629,323","1,134,884","840,418","691,487","1,048,194","1,043,198","734,208","516,491","378,083","441,660","649,635","1,128,843","3,606,436","1,315,162","623,814","2,020,647","629,774","1,526,649","6,170,282","1,006,283","1,485,677","2,452,315","1,501,368","3,176,471","2,622,389","1,265,331","2,665,311","4,570,558","1,025,104","652,859","551,057","1,349,221","394,952","2,713,654","1,938,892","1,941,129","1,339,797","1,054,912","482,857","1,015,983","452,013","550,103","9,603,432","1,209,695","1,024,797","1,066,976","1,203,287","2,835,921","708,135","988,289","3,024,740","1,031,444","756,149"
2019-1,"377,455","2,092,964","613,833","1,114,570","821,160","679,889","1,026,931","1,033,101","719,644","503,278","374,598","430,518","635,998","1,103,817","3,544,009","1,301,360","613,648","2,002,318","624,229","1,510,808","6,069,806","997,242","1,461,494","2,406,282","1,480,103","3,124,133","2,586,671","1,250,183","2,651,761","4,453,795","1,010,604","636,673","544,160","1,320,549","386,114","2,664,551","1,903,690","1,910,704","1,308,719","1,034,915","472,659","1,005,729","441,834","535,674","9,348,104","1,192,912","1,005,462","1,043,218","1,189,281","2,771,985","687,233","971,275","2,978,237","1,013,118","740,371"
2019-2,"379,423","2,107,930","613,847","1,120,214","820,604","683,487","1,025,035","1,044,628","723,184","506,252","376,586","433,070","637,642","1,103,222","3,565,854","1,311,893","617,168","1,989,819","627,048","1,510,007","6,137,870","1,001,502","1,470,634","2,423,219","1,484,524","3,137,703","2,602,617","1,264,862","2,662,584","4,451,955","1,013,574","636,144","548,427","1,323,538","387,009","2,671,087","1,901,533","1,906,001","1,314,499","1,033,216","472,242","1,009,521","442,893","538,008","9,387,406","1,198,915","1,007,848","1,044,051","1,189,275","2,772,035","688,701","978,295","3,008,533","1,020,195","742,981"
2019-3,"379,647","2,112,317","615,633","1,125,449","823,664","684,788","1,027,482","1,048,383","725,691","506,752","377,134","436,539","638,978","1,109,624","3,573,262","1,314,005","619,277","2,014,607","629,567","1,517,641","6,127,638","1,006,584","1,474,284","2,433,963","1,486,560","3,154,509","2,607,759","1,269,420","2,672,338","4,481,901","1,017,784","639,246","545,670","1,330,337","388,491","2,681,972","1,907,974","1,903,862","1,320,075","1,036,785","473,710","1,015,937","443,615","540,803","9,449,181","1,205,742","1,010,152","1,049,840","1,196,819","2,789,897","689,016","981,668","3,012,531","1,023,777","748,234"
2019-4,"383,778","2,116,913","620,650","1,127,109","830,164","685,728","1,036,810","1,054,685","733,599","513,896","376,713","438,005","643,526","1,122,108","3,589,428","1,314,511","623,294","2,021,574","630,680","1,522,939","6,124,435","1,009,883","1,482,234","2,441,895","1,503,635","3,172,360","2,608,478","1,272,825","2,672,895","4,518,205","1,023,163","641,071","552,338","1,339,331","391,876","2,710,219","1,931,949","1,925,991","1,338,623","1,051,757","480,065","1,018,077","449,650","545,634","9,527,168","1,209,325","1,021,037","1,059,683","1,202,922","2,817,269","699,450","989,456","3,019,196","1,028,571","751,968"
2019-5,"385,111","2,113,603","627,105","1,132,319","836,139","688,595","1,047,805","1,058,797","737,189","517,155","376,620","439,263","646,160","1,134,054","3,611,002","1,315,954","623,875","2,037,657","636,651","1,526,253","6,158,136","1,016,624","1,487,525","2,452,271","1,515,106","3,190,072","2,603,422","1,272,364","2,688,741","4,569,941","1,033,858","646,600","552,981","1,348,357","395,277","2,732,171","1,955,349","1,955,843","1,343,187","1,056,565","485,587","1,024,307","451,831","550,151","9,582,185","1,216,441","1,033,498","1,070,213","1,209,907","2,831,882","709,091","993,885","3,035,545","1,032,222","756,724"
2019-6,"382,401","2,082,038","629,315","1,140,029","845,602","681,855","1,050,400","1,064,688","737,858","521,775","371,251","439,682","651,770","1,140,925","3,625,596","1,292,785","621,967","2,057,472","643,942","1,531,838","6,157,327","1,019,955","1,492,516","2,463,736","1,534,661","3,220,351","2,564,895","1,251,517","2,695,192","4,619,513","1,033,947","648,864","550,391","1,356,818","396,850","2,766,110","1,966,997","1,969,141","1,337,187","1,062,568","485,644","1,023,161","456,578","552,782","9,681,782","1,219,897","1,039,149","1,076,102","1,216,722","2,847,506","717,478","1,000,497","3,039,717","1,038,663","765,213"
2019-7,"381,633","2,054,696","617,234","1,134,824","828,526","672,735","1,051,544","1,058,850","734,655","501,104","361,720","430,713","646,036","1,129,144","3,620,413","1,278,654","612,562","2,064,982","641,362","1,522,235","6,097,111","1,015,712","1,479,095","2,444,154","1,533,501","3,177,677","2,555,096","1,247,726","2,683,675","4,549,476","1,026,091","631,040","541,738","1,346,234","387,912","2,726,126","1,945,683","1,941,879","1,319,670","1,044,540","482,231","1,020,676","440,669","532,638","9,460,747","1,205,582","1,036,438","1,062,098","1,202,081","2,800,551","701,990","980,856","3,024,769","1,032,490","757,808"
2019-8,"387,486","2,128,853","616,994","1,145,232","834,240","692,130","1,056,582","1,065,743","740,721","498,743","374,529","434,748","646,000","1,129,166","3,643,298","1,309,545","618,420","2,063,783","645,437","1,524,104","6,126,053","1,021,483","1,488,846","2,466,465","1,538,899","3,171,367","2,588,137","1,271,262","2,705,821","4,561,342","1,038,324","647,902","547,037","1,337,674","387,630","2,720,743","1,954,082","1,947,598","1,337,037","1,054,445","484,770","1,027,047","442,843","533,536","9,403,282","1,222,777","1,036,536","1,071,968","1,204,691","2,800,870","703,305","1,002,456","3,036,251","1,038,542","755,715"
2019-9,"386,932","2,136,474","625,119","1,141,254","834,236","690,386","1,048,133","1,064,959","741,965","516,889","376,697","440,608","643,712","1,131,321","3,642,777","1,315,693","629,025","2,056,963","637,976","1,528,841","6,163,637","1,021,963","1,491,789","2,466,308","1,528,592","3,178,266","2,587,271","1,269,702","2,696,620","4,570,830","1,032,455","647,814","547,042","1,344,243","393,673","2,733,214","1,947,575","1,948,899","1,340,505","1,055,729","482,867","1,028,685","450,574","548,850","9,564,323","1,221,173","1,025,913","1,068,093","1,214,399","2,833,542","711,052","1,006,459","3,036,681","1,035,279","751,690"
2019-10,"389,858","2,164,756","627,802","1,150,108","836,396","697,274","1,060,716","1,078,011","747,682","521,924","378,721","442,520","648,347","1,134,150","3,682,152","1,328,034","630,943","2,057,279","645,177","1,556,337","6,216,075","1,029,822","1,503,857","2,478,818","1,534,654","3,206,469","2,622,982","1,284,447","2,715,147","4,583,142","1,038,729","648,907","553,544","1,355,950","395,955","2,747,589","1,947,927","1,959,301","1,347,691","1,062,123","485,400","1,035,907","455,477","550,524","9,643,276","1,232,488","1,032,291","1,073,833","1,219,076","2,853,370","710,838","1,000,316","3,057,187","1,041,157","760,054"
2019-11,"391,324","2,193,918","631,289","1,156,910","838,551","704,706","1,071,704","1,087,340","752,107","518,581","382,899","444,512","655,962","1,134,876","3,718,023","1,343,278","634,085","2,065,460","649,200","1,586,252","6,285,567","1,033,794","1,515,570","2,496,040","1,540,280","3,221,029","2,658,283","1,295,781","2,735,333","4,596,222","1,048,677","657,420","558,401","1,365,828","397,082","2,755,228","1,963,616","1,955,772","1,351,098","1,065,439","489,001","1,048,891","454,134","550,918","9,734,279","1,240,393","1,033,635","1,080,561","1,225,158","2,873,372","712,863","1,018,255","3,077,711","1,048,403","761,894"
2019-12,"390,852","2,201,348","628,717","1,155,938","839,043","706,695","1,069,596","1,088,482","751,395","515,895","383,407","446,234","655,429","1,132,408","3,719,023","1,348,558","633,825","2,074,636","648,672","1,583,726","6,262,057","1,026,375","1,511,523","2,492,945","1,540,524","3,217,398","2,667,983","1,297,685","2,739,657","4,591,927","1,047,115","658,635","556,462","1,363,941","396,739","2,755,536","1,964,600","1,952,285","1,351,568","1,067,368","488,115","1,048,073","450,976","549,952","9,730,180","1,239,712","1,030,594","1,080,312","1,224,765","2,871,801","710,666","1,019,433","3,073,972","1,049,529","760,193"
2020-1,"385,329","2,165,955","619,059","1,142,262","822,620","693,919","1,043,797","1,074,012","736,998","503,723","380,468","434,073","644,201","1,103,762","3,642,186","1,329,031","619,675","2,053,668","637,628","1,566,471","6,161,262","1,022,639","1,487,837","2,455,669","1,518,813","3,167,851","2,627,974","1,279,062","2,696,016","4,478,538","1,017,821","641,513","552,006","1,332,095","388,393","2,698,494","1,914,496","1,925,815","1,320,784","1,045,952","477,302","1,032,328","442,667","535,361","9,470,292","1,225,849","1,007,385","1,054,364","1,206,929","2,804,573","692,915","997,877","3,037,352","1,030,559","748,303"
2020-2,"385,839","2,176,813","617,629","1,146,946","823,175","696,568","1,044,385","1,081,939","742,005","505,706","383,211","435,110","643,434","1,103,964","3,660,125","1,339,755","621,453","2,056,039","639,840","1,569,524","6,233,678","1,028,504","1,500,138","2,472,219","1,517,843","3,179,465","2,640,945","1,287,567","2,703,651","4,479,778","1,021,287","642,543","553,269","1,332,947","388,705","2,704,529","1,920,398","1,922,913","1,325,158","1,044,922","478,086","1,035,606","444,915","538,500","9,498,017","1,230,871","1,008,970","1,055,563","1,211,446","2,808,393","694,233","1,000,856","3,062,841","1,035,998","748,761"
2020-3,"384,696","2,163,051","614,823","1,137,111","819,072","692,488","1,037,311","1,077,445","739,880","502,734","380,252","435,363","641,880","1,100,431","3,641,020","1,330,196","618,151","2,047,263","637,497","1,555,869","6,118,879","1,023,931","1,484,848","2,448,025","1,513,443","3,163,832","2,611,334","1,279,827","2,688,542","4,457,566","1,017,000","639,726","542,564","1,327,829","387,126","2,685,324","1,906,054","1,906,486","1,319,498","1,043,441","476,777","1,028,725","442,116","535,490","9,424,528","1,227,832","1,001,065","1,053,532","1,205,388","2,799,685","689,033","995,139","3,045,587","1,030,630","746,896"
2020-4,"336,883","1,938,409","523,930","995,941","714,857","616,102","904,068","950,221","680,791","419,923","339,296","393,863","572,398","909,827","3,249,863","1,171,500","555,667","1,814,141","563,948","1,347,424","5,161,666","895,841","1,248,648","2,079,052","1,331,105","2,796,290","2,206,360","1,085,995","2,335,831","3,885,369","896,655","547,246","451,248","1,157,772","326,280","2,244,319","1,426,818","1,648,651","1,164,254","924,218","433,855","763,236","379,068","426,059","7,664,178","1,083,663","863,174","904,941","1,047,297","2,347,674","550,748","862,872","2,715,142","909,589","659,458"
2020-5,"339,864","1,989,978","539,449","1,016,476","730,840","640,784","948,175","975,985","698,952","434,304","348,542","403,526","576,578","960,354","3,338,398","1,215,129","573,989","1,813,250","575,950","1,372,337","5,223,048","910,526","1,262,659","2,121,074","1,364,420","2,816,302","2,277,148","1,037,212","2,406,943","3,933,575","930,762","563,826","460,163","1,178,140","336,573","2,291,430","1,511,601","1,688,384","1,188,605","953,810","443,368","757,757","386,879","440,995","7,842,118","1,111,025","901,791","940,231","1,058,166","2,415,216","578,195","882,263","2,781,043","936,986","669,992"
2020-6,"349,541","1,987,089","557,759","1,038,295","763,407","650,840","985,149","1,003,948","707,162","454,198","351,648","409,887","590,030","1,015,057","3,414,732","1,230,016","585,334","1,868,075","596,841","1,436,311","5,377,549","944,252","1,321,639","2,168,865","1,410,878","2,881,697","2,338,353","1,052,292","2,461,182","4,062,300","960,592","594,135","474,322","1,216,871","347,264","2,377,373","1,697,133","1,754,657","1,215,760","987,139","450,642","827,070","400,670","468,700","8,085,171","1,147,042","940,095","985,240","1,092,360","2,498,500","618,476","914,703","2,827,201","964,849","694,660"
2020-7,"350,500","1,960,668","558,417","1,037,026","757,723","644,499","994,024","1,004,285","713,418","437,464","342,115","401,321","599,612","1,014,733","3,429,673","1,216,082","579,897","1,893,823","600,683","1,413,786","5,343,802","940,223","1,313,914","2,147,727","1,422,904","2,902,080","2,321,342","1,077,959","2,479,212","4,094,121","972,380","589,641","474,105","1,232,126","346,395","2,404,943","1,727,553","1,755,490","1,218,958","980,659","453,630","857,232","393,460","465,850","8,081,891","1,148,956","943,998","989,005","1,095,902","2,522,962","623,767","918,088","2,802,130","958,119","698,656"
2020-8,"357,670","2,029,249","568,284","1,046,967","771,849","665,906","1,004,012","1,015,914","721,215","447,456","354,253","406,744","604,502","1,023,263","3,465,898","1,248,181","587,558","1,904,021","611,657","1,438,311","5,367,807","950,542","1,329,040","2,178,564","1,432,381","2,937,106","2,348,478","1,110,970","2,518,801","4,142,049","991,030","609,712","483,254","1,232,091","353,154","2,442,432","1,764,263","1,779,931","1,242,141","995,914","460,161","867,275","400,481","474,312","8,214,539","1,166,862","950,897","1,002,374","1,105,754","2,547,091","637,384","938,554","2,819,150","969,320","703,694"
2020-9,"359,649","2,051,880","582,441","1,050,999","779,720","670,013","1,003,842","1,025,116","725,772","471,583","357,855","414,923","605,235","1,035,623","3,481,724","1,255,885","596,069","1,914,691","613,333","1,458,302","5,456,372","960,076","1,349,606","2,190,422","1,436,656","2,963,619","2,370,250","1,115,410","2,521,742","4,188,021","989,162","614,199","484,225","1,247,151","361,412","2,482,328","1,781,547","1,792,493","1,254,869","1,001,604","460,587","879,043","418,296","498,611","8,514,664","1,173,845","948,995","1,008,025","1,117,795","2,612,527","652,919","946,983","2,826,024","976,473","709,907"
2020-10,"364,449","2,099,280","590,914","1,063,827","785,165","678,998","1,018,637","1,047,067","737,960","477,264","363,540","419,286","613,497","1,044,471","3,552,537","1,280,812","602,918","1,918,111","624,704","1,506,938","5,606,921","979,367","1,378,764","2,229,616","1,456,968","2,988,023","2,423,624","1,142,642","2,572,920","4,235,022","1,003,516","621,540","498,977","1,259,555","369,127","2,522,780","1,810,460","1,826,267","1,275,262","1,014,135","465,859","901,831","422,542","505,776","8,679,141","1,200,108","962,829","1,017,668","1,128,277","2,651,489","662,068","967,094","2,870,034","990,712","719,138"
2020-11,"364,618","2,127,024","592,383","1,069,802","784,467","687,257","1,025,922","1,056,260","742,162","475,660","367,228","420,360","618,112","1,047,006","3,580,929","1,293,133","607,922","1,925,595","629,740","1,531,032","5,682,392","985,954","1,387,139","2,240,867","1,458,901","2,996,994","2,446,793","1,167,485","2,596,157","4,211,045","1,008,287","626,695","503,682","1,265,933","370,971","2,532,390","1,816,119","1,822,776","1,276,611","1,016,762","467,413","907,491","421,944","504,694","8,728,349","1,209,365","964,883","1,022,250","1,131,384","2,664,396","661,662","980,156","2,896,597","999,152","722,582"
2020-12,"358,124","2,133,880","590,664","1,064,030","787,280","691,033","1,025,542","1,061,574","745,092","469,283","367,472","421,312","619,705","1,038,455","3,595,494","1,301,492","607,856","1,917,672","633,121","1,520,614","5,619,063","975,128","1,370,022","2,227,258","1,448,216","2,996,432","2,463,945","1,171,452","2,611,629","4,200,508","1,006,546","628,299","504,448","1,266,237","369,743","2,522,794","1,784,989","1,785,446","1,271,342","1,020,998","469,738","901,063","416,863","491,652","8,723,871","1,212,190","962,042","1,023,117","1,119,494","2,658,113","653,548","984,999","2,896,849","1,003,186","721,016"
2021-1,"355,853","2,097,292","577,317","1,038,897","771,104","677,923","1,009,468","1,050,877","737,259","456,878","360,836","413,296","607,575","1,011,880","3,541,289","1,285,795","595,730","1,889,131","624,167","1,488,505","5,478,678","961,438","1,336,931","2,185,214","1,438,355","2,944,714","2,452,962","1,154,337","2,567,689","4,103,356","990,176","617,483","497,706","1,240,385","359,573","2,471,982","1,752,912","1,783,555","1,249,294","1,004,117","459,399","885,566","406,990","481,097","8,465,979","1,192,152","944,786","1,008,915","1,105,649","2,603,211","637,150","961,055","2,856,456","982,331","708,700"
2021-2,"359,930","2,116,665","579,020","1,053,759","773,076","681,921","1,009,569","1,052,923","741,307","462,799","363,097","409,785","606,899","1,015,118","3,537,279","1,295,853","593,017","1,903,277","627,432","1,515,150","5,617,011","974,399","1,370,704","2,220,496","1,449,369","2,951,328","2,474,429","1,166,740","2,583,673","4,132,216","991,213","616,552","499,996","1,239,402","361,249","2,486,683","1,777,336","1,787,625","1,250,760","993,998","457,949","897,677","409,585","486,364","8,496,750","1,197,092","945,593","1,007,545","1,115,999","2,612,929","640,586","963,102","2,863,746","982,508","710,603"
2021-3,"363,350","2,124,458","581,110","1,060,532","776,272","683,810","1,011,638","1,066,819","743,610","466,078","365,090","416,638","611,385","1,025,799","3,576,021","1,302,727","600,715","1,920,515","630,587","1,520,337","5,648,773","981,647","1,381,384","2,240,640","1,456,566","2,970,777","2,484,477","1,176,319","2,593,755","4,171,934","999,914","624,664","502,224","1,252,978","363,998","2,504,874","1,785,695","1,796,656","1,263,616","1,007,253","461,666","909,713","412,206","491,895","8,585,412","1,203,125","949,102","1,018,118","1,133,965","2,638,598","647,121","969,512","2,892,626","993,833","714,159"
2021-4,"367,793","2,130,890","584,505","1,071,196","785,555","686,178","1,019,024","1,084,435","749,123","471,697","365,307","417,892","614,658","1,038,147","3,609,380","1,304,772","604,565","1,936,175","638,403","1,536,781","5,711,030","994,240","1,402,145","2,266,422","1,475,385","3,001,170","2,502,566","1,188,861","2,598,104","4,225,156","1,005,178","623,419","508,026","1,264,963","372,398","2,548,432","1,794,049","1,824,644","1,278,524","1,016,585","466,786","931,777","419,100","498,474","8,697,508","1,210,597","961,855","1,025,735","1,142,791","2,665,797","661,724","972,849","2,912,294","1,004,582","716,838"
2021-5,"370,089","2,132,213","592,141","1,078,627","791,728","691,730","1,026,619","1,094,045","751,215","477,085","366,687","419,852","618,404","1,048,340","3,631,131","1,310,237","606,609","1,949,624","645,850","1,548,163","5,778,920","999,563","1,413,792","2,284,364","1,489,580","3,019,866","2,509,679","1,195,954","2,617,081","4,253,926","1,015,083","631,144","511,510","1,275,451","376,029","2,570,045","1,814,911","1,852,082","1,283,238","1,022,817","470,497","947,603","422,900","504,399","8,770,222","1,219,856","971,336","1,035,812","1,150,451","2,681,407","671,429","982,392","2,927,170","1,012,729","722,445"
2021-6,"367,119","2,099,693","594,608","1,086,469","800,252","684,576","1,032,307","1,106,301","756,957","481,658","361,596","422,487","623,348","1,055,500","3,654,531","1,297,665","607,580","1,970,926","653,356","1,547,523","5,768,504","1,005,766","1,420,693","2,300,627","1,508,871","3,052,722","2,484,245","1,187,757","2,631,752","4,318,980","1,016,134","625,530","510,728","1,283,749","379,693","2,602,941","1,835,821","1,868,437","1,286,309","1,026,522","470,494","961,865","424,921","508,497","8,881,686","1,222,703","977,959","1,041,222","1,159,863","2,700,606","681,578","989,450","2,940,662","1,018,329","728,444"
2021-7,"371,115","2,095,762","585,866","1,092,513","791,170","682,709","1,042,511","1,114,016","758,181","464,982","358,017","414,309","628,810","1,051,219","3,677,242","1,292,835","601,653","1,987,158","654,818","1,542,829","5,822,697","1,012,232","1,426,770","2,306,256","1,515,122","3,050,405","2,504,403","1,208,831","2,650,787","4,288,756","1,024,618","621,106","513,044","1,288,516","375,633","2,598,040","1,826,355","1,854,802","1,268,807","1,023,713","468,922","978,969","415,390","492,011","8,745,894","1,220,352","985,763","1,041,119","1,157,939","2,670,102","673,319","991,605","2,951,865","1,020,894","729,706"
2021-8,"376,353","2,154,090","585,880","1,100,348","794,863","698,355","1,043,399","1,117,747","762,122","464,448","369,363","416,052","627,554","1,047,937","3,692,273","1,319,312","608,017","1,992,704","656,442","1,555,051","5,855,891","1,014,904","1,439,276","2,328,541","1,514,864","3,047,113","2,527,284","1,235,912","2,656,577","4,288,966","1,037,290","634,486","515,271","1,285,141","376,196","2,595,511","1,832,257","1,857,372","1,278,739","1,026,794","470,904","989,210","414,960","491,709","8,713,740","1,226,765","984,911","1,045,746","1,158,937","2,669,475","671,329","1,004,764","2,961,612","1,023,921","726,569"
2021-9,"375,926","2,169,505","595,230","1,100,488","795,052","700,194","1,032,750","1,120,010","759,952","481,389","371,605","422,705","622,807","1,053,173","3,695,425","1,326,431","615,735","2,001,247","648,852","1,561,164","5,875,822","1,011,174","1,444,126","2,330,307","1,509,745","3,057,426","2,539,049","1,242,571","2,648,714","4,315,066","1,025,705","633,221","481,715","1,289,684","379,313","2,604,661","1,835,730","1,846,309","1,287,467","1,023,356","467,894","993,519","425,382","507,868","8,907,786","1,222,989","970,628","1,040,275","1,168,481","2,705,781","681,035","1,004,112","2,968,429","1,024,697","723,206"
2021-10,"382,178","2,202,723","601,325","1,117,442","799,444","712,030","1,056,718","1,146,171","770,568","488,270","376,025","424,642","629,782","1,063,421","3,767,462","1,351,222","620,223","2,012,998","661,075","1,608,429","6,013,263","1,028,493","1,473,022","2,376,509","1,530,834","3,081,195","2,593,482","1,268,362","2,699,242","4,371,586","1,043,173","639,774","511,079","1,297,787","385,686","2,643,426","1,862,399","1,881,756","1,305,098","1,042,637","473,313","1,015,583","432,899","513,907","9,107,707","1,250,005","983,870","1,053,776","1,178,235","2,748,118","688,348","1,019,106","3,024,252","1,039,171","730,418"
2021-11,"383,437","2,223,576","604,758","1,124,139","800,628","719,221","1,065,883","1,156,638","775,632","488,176","380,003","425,470","635,276","1,069,061","3,803,656","1,363,905","624,438","2,022,193","665,769","1,630,549","6,070,535","1,032,276","1,487,708","2,392,273","1,539,945","3,096,892","2,626,648","1,284,201","2,720,471","4,394,191","1,051,806","645,742","518,549","1,303,760","387,254","2,652,519","1,875,441","1,883,951","1,309,714","1,046,198","474,917","1,025,327","434,257","518,209","9,197,214","1,261,678","988,294","1,060,021","1,184,343","2,771,854","690,177","1,029,212","3,052,433","1,047,398","736,132"
2021-12,"382,860","2,233,083","605,469","1,126,636","799,221","721,646","1,065,497","1,161,940","778,086","486,574","381,136","427,683","636,528","1,064,680","3,822,770","1,371,061","625,642","2,031,288","668,380","1,624,407","6,066,000","1,026,142","1,487,454","2,399,323","1,543,082","3,102,336","2,631,657","1,288,019","2,729,110","4,404,936","1,051,035","650,103","520,989","1,309,402","386,753","2,650,731","1,872,600","1,881,530","1,309,771","1,045,010","473,607","1,024,533","431,052","517,520","9,242,124","1,269,502","982,613","1,060,649","1,184,555","2,784,293","687,570","1,036,250","3,061,959","1,051,358","733,182"